iteration,profile,site_mode,start_time,end_time,extracted_wpm,computed_wpm,extracted_accuracy,keystrokes_count,json_file
1,human_like,standard,2025-12-02T10:14:53.258985Z,2025-12-02T10:15:07.905579Z,13.0,82.78159467787287,13.0,58,run_20251202T101507_iter1.json
1,human_like,standard,2025-12-02T10:20:42.115580Z,2025-12-02T10:20:57.855470Z,9.0,85.20733378574013,9.0,63,run_20251202T102057_iter1.json
2,human_like,standard,2025-12-02T10:20:59.918397Z,2025-12-02T10:21:16.195167Z,7.0,85.29654619662941,7.0,74,run_20251202T102116_iter2.json
3,human_like,standard,2025-12-02T10:21:18.003675Z,2025-12-02T10:21:31.274895Z,14.0,85.50151999888959,14.0,41,run_20251202T102131_iter3.json
4,human_like,standard,2025-12-02T10:21:33.126314Z,2025-12-02T10:21:50.297306Z,1.0,81.6600999128307,1.0,68,run_20251202T102150_iter4.json
5,human_like,standard,2025-12-02T10:21:52.103518Z,2025-12-02T10:22:06.723195Z,1.0,86.72306294603044,1.0,70,run_20251202T102206_iter5.json
6,human_like,standard,2025-12-02T10:22:08.504344Z,2025-12-02T10:22:20.227816Z,12.0,100.03115743650976,12.0,50,run_20251202T102220_iter6.json
7,human_like,standard,2025-12-02T10:22:22.040518Z,2025-12-02T10:22:36.284501Z,3.0,83.8174847018254,3.0,62,run_20251202T102236_iter7.json
8,human_like,standard,2025-12-02T10:22:38.053839Z,2025-12-02T10:22:51.772730Z,9.0,85.12166481534939,9.0,55,run_20251202T102251_iter8.json
9,human_like,standard,2025-12-02T10:22:53.601135Z,2025-12-02T10:23:07.054092Z,7.0,91.59538839096788,7.0,50,run_20251202T102307_iter9.json
10,human_like,standard,2025-12-02T10:23:08.834068Z,2025-12-02T10:23:21.059693Z,7.0,87.80318848967667,7.0,52,run_20251202T102321_iter10.json
11,human_like,standard,2025-12-02T10:23:22.868308Z,2025-12-02T10:23:36.060946Z,9.0,79.1735361063168,9.0,43,run_20251202T102336_iter11.json
12,human_like,standard,2025-12-02T10:23:37.872138Z,2025-12-02T10:23:51.627995Z,12.0,87.76017695275954,12.0,52,run_20251202T102351_iter12.json
13,human_like,standard,2025-12-02T10:23:53.434853Z,2025-12-02T10:24:08.517891Z,6.0,80.27199359378235,6.0,67,run_20251202T102408_iter13.json
14,human_like,standard,2025-12-02T10:24:10.324676Z,2025-12-02T10:24:25.638631Z,4.0,92.71648605244013,4.0,60,run_20251202T102425_iter14.json
15,human_like,standard,2025-12-02T10:24:27.407977Z,2025-12-02T10:24:39.395608Z,7.0,85.95089792749908,7.0,49,run_20251202T102439_iter15.json
16,human_like,standard,2025-12-02T10:24:41.196441Z,2025-12-02T10:24:53.092711Z,6.0,88.76491290096492,6.0,51,run_20251202T102453_iter16.json
17,human_like,standard,2025-12-02T10:24:54.852724Z,2025-12-02T10:25:12.166289Z,10.0,82.44038877356509,10.0,74,run_20251202T102512_iter17.json
18,human_like,standard,2025-12-02T10:25:13.944932Z,2025-12-02T10:25:25.997943Z,12.0,103.67952997232,12.0,40,run_20251202T102525_iter18.json
19,human_like,standard,2025-12-02T10:25:27.825750Z,2025-12-02T10:25:42.856524Z,8.0,91.906405600285,8.0,67,run_20251202T102542_iter19.json
20,human_like,standard,2025-12-02T10:25:44.693507Z,2025-12-02T10:25:56.850871Z,13.0,85.16905156291105,13.0,53,run_20251202T102556_iter20.json
1,bot_obvious,standard,2025-12-02T10:47:15.740217Z,2025-12-02T10:47:21.729265Z,24.0,683.9939071711024,24.0,47,run_20251202T104721_iter1.json
2,bot_obvious,standard,2025-12-02T10:47:23.323098Z,2025-12-02T10:47:30.627056Z,60.0,613.9724488959331,60.0,43,run_20251202T104730_iter2.json
3,bot_obvious,standard,2025-12-02T10:47:32.110815Z,2025-12-02T10:47:39.746345Z,24.0,621.4719747912649,24.0,55,run_20251202T104739_iter3.json
4,bot_obvious,standard,2025-12-02T10:47:41.154470Z,2025-12-02T10:47:48.575806Z,24.0,587.5196747861673,24.0,47,run_20251202T104748_iter4.json
5,bot_obvious,standard,2025-12-02T10:47:50.105998Z,2025-12-02T10:47:57.496425Z,18.0,677.9107598675778,18.0,58,run_20251202T104757_iter5.json
6,bot_obvious,standard,2025-12-02T10:47:58.920540Z,2025-12-02T10:48:06.159719Z,96.0,600.1820581533938,96.0,41,run_20251202T104806_iter6.json
7,bot_obvious,standard,2025-12-02T10:48:07.524801Z,2025-12-02T10:48:14.995170Z,35.0,673.4667258385722,35.0,48,run_20251202T104814_iter7.json
8,bot_obvious,standard,2025-12-02T10:48:16.455055Z,2025-12-02T10:48:25.284902Z,60.0,753.9258351803791,60.0,65,run_20251202T104825_iter8.json
9,bot_obvious,standard,2025-12-02T10:48:26.701677Z,2025-12-02T10:48:33.976114Z,95.0,772.5252744589584,95.0,57,run_20251202T104833_iter9.json
10,bot_obvious,standard,2025-12-02T10:48:35.374514Z,2025-12-02T10:48:42.849486Z,60.0,760.6870649374631,60.0,55,run_20251202T104842_iter10.json
11,bot_obvious,standard,2025-12-02T10:48:44.260963Z,2025-12-02T10:48:51.741699Z,30.0,648.0938314736659,30.0,59,run_20251202T104851_iter11.json
12,bot_obvious,standard,2025-12-02T10:48:53.207157Z,2025-12-02T10:49:00.696818Z,48.0,665.1016362187207,48.0,57,run_20251202T104900_iter12.json
13,bot_obvious,standard,2025-12-02T10:49:02.202531Z,2025-12-02T10:49:09.523247Z,107.0,629.5920857207904,107.0,45,run_20251202T104909_iter13.json
14,bot_obvious,standard,2025-12-02T10:49:10.896166Z,2025-12-02T10:49:18.703719Z,36.0,623.0294872622546,36.0,65,run_20251202T104918_iter14.json
15,bot_obvious,standard,2025-12-02T10:49:20.114564Z,2025-12-02T10:49:27.613951Z,36.0,648.3964054329413,36.0,58,run_20251202T104927_iter15.json
16,bot_obvious,standard,2025-12-02T10:49:29.043427Z,2025-12-02T10:49:36.621502Z,42.0,573.7794675072247,42.0,54,run_20251202T104936_iter16.json
17,bot_obvious,standard,2025-12-02T10:49:38.078462Z,2025-12-02T10:49:46.014296Z,12.0,654.8893425821879,12.0,77,run_20251202T104946_iter17.json
18,bot_obvious,standard,2025-12-02T10:49:47.480740Z,2025-12-02T10:49:55.080390Z,24.0,609.9071867171647,24.0,55,run_20251202T104955_iter18.json
19,bot_obvious,standard,2025-12-02T10:49:56.496077Z,2025-12-02T10:50:03.742526Z,24.0,694.1271636204546,24.0,47,run_20251202T105003_iter19.json
20,bot_obvious,standard,2025-12-02T10:50:05.319998Z,2025-12-02T10:50:13.666876Z,54.0,479.3225958814253,54.0,62,run_20251202T105013_iter20.json
1,human_like,standard,2025-12-02T11:02:46.647071Z,2025-12-02T11:03:03.283845Z,84.61490043004716,84.61490043004716,,73,run_20251202T110303_iter1.json
1,human_like,standard,2025-12-02T12:07:53.930883Z,2025-12-02T12:08:10.345890Z,5.0,84.83936731156238,5.0,58,run_20251202T120810_iter1.json
1,human_like,standard,2025-12-02T12:08:51.730312Z,2025-12-02T12:09:06.702218Z,3.0,78.38662707377672,3.0,57,run_20251202T120906_iter1.json
1,bot_obvious,standard,2025-12-02T12:11:04.375732Z,2025-12-02T12:11:12.980116Z,59.0,678.381279872648,30.0,55,run_20251202T121112_iter1.json
1,human_like,standard,2025-12-02T15:59:40.978974Z,2025-12-02T15:59:56.300120Z,13.0,84.37439399275326,13.0,50,run_20251202T155956_iter1.json
1,superhuman,standard,2025-12-02T16:01:41.788398Z,2025-12-02T16:01:51.030199Z,24.0,889.9831470375251,24.0,64,run_20251202T160151_iter1.json
2,superhuman,standard,2025-12-02T16:01:52.867377Z,2025-12-02T16:02:00.439420Z,106.0,900.2788215134491,106.0,45,run_20251202T160200_iter2.json
3,superhuman,standard,2025-12-02T16:02:02.113938Z,2025-12-02T16:02:11.157655Z,71.0,896.2250244988784,71.0,59,run_20251202T160211_iter3.json
4,superhuman,standard,2025-12-02T16:02:13.352759Z,2025-12-02T16:02:22.634924Z,71.0,918.6547550763459,71.0,54,run_20251202T160222_iter4.json
5,superhuman,standard,2025-12-02T16:02:24.790890Z,2025-12-02T16:02:32.654071Z,24.0,802.2771731471292,24.0,63,run_20251202T160232_iter5.json
6,superhuman,standard,2025-12-02T16:02:34.280153Z,2025-12-02T16:02:41.865649Z,59.0,885.9126026754284,59.0,57,run_20251202T160241_iter6.json
7,superhuman,standard,2025-12-02T16:02:43.568872Z,2025-12-02T16:02:53.472073Z,118.0,903.815519282686,118.0,59,run_20251202T160253_iter7.json
8,superhuman,standard,2025-12-02T16:02:55.672938Z,2025-12-02T16:03:03.670374Z,35.0,1074.5797491745288,35.0,58,run_20251202T160303_iter8.json
9,superhuman,standard,2025-12-02T16:03:05.406088Z,2025-12-02T16:03:14.143790Z,83.0,1057.4869296350994,83.0,55,run_20251202T160314_iter9.json
10,superhuman,standard,2025-12-02T16:03:15.877662Z,2025-12-02T16:03:24.244679Z,12.0,711.2573850076041,12.0,71,run_20251202T160324_iter10.json
11,superhuman,standard,2025-12-02T16:03:25.886527Z,2025-12-02T16:03:33.177269Z,106.0,986.191575499673,106.0,50,run_20251202T160333_iter11.json
12,superhuman,standard,2025-12-02T16:03:34.765217Z,2025-12-02T16:03:42.305007Z,118.0,795.9808084634345,118.0,42,run_20251202T160342_iter12.json
13,superhuman,standard,2025-12-02T16:03:43.944429Z,2025-12-02T16:03:51.447999Z,71.0,937.2198709251562,71.0,58,run_20251202T160351_iter13.json
14,superhuman,standard,2025-12-02T16:03:53.125256Z,2025-12-02T16:04:00.617406Z,95.0,1028.9913836897235,95.0,66,run_20251202T160400_iter14.json
15,superhuman,standard,2025-12-02T16:04:02.243234Z,2025-12-02T16:04:09.727547Z,71.0,1017.5120609883505,71.0,59,run_20251202T160409_iter15.json
16,superhuman,standard,2025-12-02T16:04:11.438324Z,2025-12-02T16:04:17.409239Z,36.0,1037.6753224703239,36.0,68,run_20251202T160417_iter16.json
17,superhuman,standard,2025-12-02T16:04:19.125526Z,2025-12-02T16:04:25.465415Z,107.0,988.771786449575,107.0,60,run_20251202T160425_iter17.json
18,superhuman,standard,2025-12-02T16:04:27.209043Z,2025-12-02T16:04:36.548846Z,12.0,769.664605589641,12.0,69,run_20251202T160436_iter18.json
19,superhuman,standard,2025-12-02T16:04:38.700424Z,2025-12-02T16:04:47.780163Z,59.0,873.5603956481527,59.0,59,run_20251202T160447_iter19.json
20,superhuman,standard,2025-12-02T16:04:49.843681Z,2025-12-02T16:04:58.068586Z,59.0,886.4077695813547,59.0,52,run_20251202T160458_iter20.json
1,human_like,standard,2025-12-02T18:21:36.549401Z,2025-12-02T18:23:19.147527Z,87.55357915879253,87.55357915879253,,540,run_20251202T182319_iter1.json
1,bot_obvious,standard,2025-12-02T18:24:17.834987Z,2025-12-02T18:25:02.354629Z,1345.4721572504411,1345.4721572504411,,519,run_20251202T182502_iter1.json
1,bot_obvious,standard,2025-12-04T05:30:56.695669Z,2025-12-04T05:31:34.725310Z,1109.7097782712376,1109.7097782712376,,506,run_20251204T053134_iter1.json
1,bot_obvious,standard,2025-12-04T05:33:39.589018Z,2025-12-04T05:34:17.593655Z,1104.2607801102354,1104.2607801102354,,532,run_20251204T053417_iter1.json
1,human_like,standard,2025-12-04T05:38:17.277967Z,2025-12-04T05:38:33.835345Z,2.0,80.0144992717228,2.0,64,run_20251204T053833_iter1.json
1,bot_obvious,standard,2025-12-04T05:39:15.660533Z,2025-12-04T05:39:23.786062Z,24.0,475.45528543213163,24.0,49,run_20251204T053923_iter1.json
1,superhuman,standard,2025-12-04T05:41:49.016184Z,2025-12-04T05:41:57.704545Z,24.0,635.2943058657956,24.0,64,run_20251204T054157_iter1.json
1,human_like,standard,2025-12-04T06:08:42.046366Z,2025-12-04T06:08:58.187938Z,9.0,75.34668862531574,9.0,58,run_20251204T060858_iter1.json
1,superhuman,standard,2025-12-04T06:09:44.154675Z,2025-12-04T06:09:55.530142Z,0.0,685.9552008815315,0.0,61,run_20251204T060955_iter1.json
1,bot_obvious,standard,2025-12-04T06:14:01.122341Z,2025-12-04T06:14:10.475123Z,0.0,520.5464718197386,0.0,54,run_20251204T061410_iter1.json
1,human_like,standard,2025-12-04T06:41:37.700378Z,2025-12-04T06:41:53.168981Z,17.0,78.27862398028545,17.0,57,run_20251204T064153_iter1.json
1,superhuman,standard,2025-12-04T06:42:01.511583Z,2025-12-04T06:42:09.515343Z,0.0,735.7650078480074,0.0,43,run_20251204T064209_iter1.json
1,bot_obvious,standard,2025-12-04T07:04:57.439331Z,2025-12-04T07:05:06.985641Z,0.0,516.5560357867963,0.0,46,run_20251204T070506_iter1.json
1,bot_obvious,standard,2025-12-04T07:19:36.453830Z,2025-12-04T07:19:45.794499Z,0.0,431.8721824159969,0.0,68,run_20251204T071945_iter1.json
1,human_like,standard,2025-12-04T07:20:56.576665Z,2025-12-04T07:21:14.071791Z,15.0,78.68064179916331,15.0,76,run_20251204T072114_iter1.json
1,superhuman,standard,2025-12-04T07:21:48.256944Z,2025-12-04T07:21:56.226687Z,0.0,563.4950287496323,0.0,58,run_20251204T072156_iter1.json
1,bot_obvious,standard,2025-12-04T10:28:04.120741Z,2025-12-04T10:28:11.870326Z,0.0,724.4425558071575,100.0,68,run_20251204T102811_iter1.json
1,bot_obvious,standard,2025-12-04T10:45:01.161289Z,2025-12-04T10:45:08.582954Z,0.0,730.280733424702,100.0,48,run_20251204T104508_iter1.json
1,human_like,standard,2025-12-04T10:47:39.733624Z,2025-12-04T10:47:53.208056Z,0.0,83.80691136769248,100.0,58,run_20251204T104753_iter1.json
1,human_like,standard,2025-12-04T10:50:10.105045Z,2025-12-04T10:50:25.421893Z,28.0,84.51864774495458,38.0,76,run_20251204T105025_iter1.json
1,bot_obvious,standard,2025-12-04T10:51:12.382225Z,2025-12-04T10:51:18.042200Z,0.0,622.2635172705769,100.0,41,run_20251204T105118_iter1.json
1,superhuman,standard,2025-12-04T10:51:38.237880Z,2025-12-04T10:51:46.626545Z,0.0,1082.2752378499786,100.0,42,run_20251204T105146_iter1.json
1,bot_obvious,standard,2025-12-04T10:58:12.218087Z,2025-12-04T10:58:20.012389Z,0.0,734.2707524131658,100.0,61,run_20251204T105820_iter1.json
1,human_like,standard,2025-12-04T11:15:58.237023Z,2025-12-04T11:16:10.974784Z,58.0,89.69161209221224,73.0,49,run_20251204T111610_iter1.json
1,superhuman,standard,2025-12-04T11:16:46.697847Z,2025-12-04T11:16:54.034753Z,0.0,1172.6591207737158,100.0,65,run_20251204T111654_iter1.json
1,bot_obvious,standard,2025-12-04T11:17:25.671939Z,2025-12-04T11:17:31.538101Z,0.0,777.5604041888006,100.0,62,run_20251204T111731_iter1.json
1,human_like,standard,2025-12-04T11:18:31.249036Z,2025-12-04T11:18:44.931434Z,68.0,86.07276946741588,83.0,42,run_20251204T111844_iter1.json
2,human_like,standard,2025-12-04T11:18:46.179269Z,2025-12-04T11:19:01.789931Z,12.0,90.92395363602076,19.0,75,run_20251204T111901_iter2.json
3,human_like,standard,2025-12-04T11:19:02.949811Z,2025-12-04T11:19:14.961021Z,0.0,91.12190421666128,100.0,53,run_20251204T111914_iter3.json
4,human_like,standard,2025-12-04T11:19:16.189316Z,2025-12-04T11:19:30.752857Z,17.0,86.46124893908397,23.0,75,run_20251204T111930_iter4.json
5,human_like,standard,2025-12-04T11:19:31.948320Z,2025-12-04T11:19:44.111712Z,3.0,76.24741471121479,8.0,48,run_20251204T111944_iter5.json
1,human_like,standard,2025-12-04T11:21:57.406478Z,2025-12-04T11:22:08.896778Z,0.0,90.19109783277791,100.0,46,run_20251204T112208_iter1.json
2,human_like,standard,2025-12-04T11:22:10.721300Z,2025-12-04T11:22:27.373141Z,0.0,89.90391816608845,100.0,64,run_20251204T112227_iter2.json
3,human_like,standard,2025-12-04T11:22:29.166942Z,2025-12-04T11:22:41.714855Z,13.0,85.67985115038984,20.0,60,run_20251204T112241_iter3.json
4,human_like,standard,2025-12-04T11:22:43.484898Z,2025-12-04T11:22:58.514979Z,17.0,81.34809582807236,25.0,59,run_20251204T112258_iter4.json
5,human_like,standard,2025-12-04T11:23:00.318176Z,2025-12-04T11:23:13.365202Z,0.0,84.28885529848255,100.0,56,run_20251204T112313_iter5.json
6,human_like,standard,2025-12-04T11:23:15.131713Z,2025-12-04T11:23:32.876338Z,38.0,88.69910754239578,46.0,78,run_20251204T112332_iter6.json
7,human_like,standard,2025-12-04T11:23:34.704949Z,2025-12-04T11:23:48.992653Z,0.0,85.34853858851942,100.0,50,run_20251204T112348_iter7.json
8,human_like,standard,2025-12-04T11:23:50.802962Z,2025-12-04T11:24:04.208812Z,0.0,87.56985176421462,100.0,41,run_20251204T112404_iter8.json
9,human_like,standard,2025-12-04T11:24:05.976812Z,2025-12-04T11:24:18.177543Z,0.0,88.93413847475043,100.0,52,run_20251204T112418_iter9.json
10,human_like,standard,2025-12-04T11:24:19.940013Z,2025-12-04T11:24:37.121410Z,10.0,84.10381683166514,14.0,71,run_20251204T112437_iter10.json
11,human_like,standard,2025-12-04T11:24:38.860208Z,2025-12-04T11:24:54.031220Z,28.0,86.3638697031978,34.0,58,run_20251204T112454_iter11.json
12,human_like,standard,2025-12-04T11:24:55.792421Z,2025-12-04T11:25:05.797618Z,0.0,89.1394567424382,100.0,26,run_20251204T112505_iter12.json
13,human_like,standard,2025-12-04T11:25:07.565515Z,2025-12-04T11:25:20.517782Z,21.0,81.5893459550214,29.0,49,run_20251204T112520_iter13.json
14,human_like,standard,2025-12-04T11:25:22.312362Z,2025-12-04T11:25:35.888102Z,0.0,87.18733862172081,100.0,42,run_20251204T112535_iter14.json
15,human_like,standard,2025-12-04T11:25:37.659542Z,2025-12-04T11:25:49.341651Z,0.0,84.16628358577096,100.0,46,run_20251204T112549_iter15.json
16,human_like,standard,2025-12-04T11:25:51.109538Z,2025-12-04T11:26:02.082585Z,0.0,83.73850832460046,100.0,40,run_20251204T112602_iter16.json
17,human_like,standard,2025-12-04T11:26:03.840262Z,2025-12-04T11:26:18.668983Z,28.0,86.27925581679631,37.0,62,run_20251204T112618_iter17.json
18,human_like,standard,2025-12-04T11:26:20.553737Z,2025-12-04T11:26:35.290099Z,21.0,92.74223663473066,26.0,68,run_20251204T112635_iter18.json
19,human_like,standard,2025-12-04T11:26:37.070438Z,2025-12-04T11:26:50.473019Z,12.0,95.1038723373567,14.0,56,run_20251204T112650_iter19.json
20,human_like,standard,2025-12-04T11:26:52.243969Z,2025-12-04T11:27:06.415807Z,15.0,93.2007771920698,22.0,51,run_20251204T112706_iter20.json
21,human_like,standard,2025-12-04T11:27:08.250784Z,2025-12-04T11:27:21.662105Z,0.0,81.9766748966985,100.0,56,run_20251204T112721_iter21.json
22,human_like,standard,2025-12-04T11:27:24.275454Z,2025-12-04T11:27:41.897589Z,55.0,88.3601505932885,64.0,73,run_20251204T112741_iter22.json
23,human_like,standard,2025-12-04T11:27:43.784184Z,2025-12-04T11:27:57.721293Z,55.0,85.26145028704043,71.0,55,run_20251204T112757_iter23.json
24,human_like,standard,2025-12-04T11:27:59.577751Z,2025-12-04T11:28:17.395824Z,43.0,80.81343353345288,57.0,67,run_20251204T112817_iter24.json
25,human_like,standard,2025-12-04T11:28:19.237344Z,2025-12-04T11:28:36.588560Z,43.0,75.24106221638255,60.0,70,run_20251204T112836_iter25.json
26,human_like,standard,2025-12-04T11:28:38.454040Z,2025-12-04T11:28:55.190147Z,14.0,81.61126949615283,20.0,65,run_20251204T112855_iter26.json
27,human_like,standard,2025-12-04T11:28:57.834236Z,2025-12-04T11:29:12.671424Z,13.0,80.9560784052136,19.0,57,run_20251204T112912_iter27.json
28,human_like,standard,2025-12-04T11:29:14.459037Z,2025-12-04T11:29:29.713865Z,0.0,79.36332491462359,100.0,51,run_20251204T112929_iter28.json
29,human_like,standard,2025-12-04T11:29:31.541109Z,2025-12-04T11:29:47.224706Z,35.0,74.55762156337869,50.0,54,run_20251204T112947_iter29.json
30,human_like,standard,2025-12-04T11:29:49.132506Z,2025-12-04T11:29:57.903668Z,0.0,102.88176720210741,100.0,26,run_20251204T112957_iter30.json
31,human_like,standard,2025-12-04T11:29:59.302536Z,2025-12-04T11:30:15.370751Z,62.0,81.34527291515258,78.0,69,run_20251204T113015_iter31.json
32,human_like,standard,2025-12-04T11:30:17.185068Z,2025-12-04T11:30:32.224353Z,32.0,74.78871595857525,45.0,56,run_20251204T113032_iter32.json
33,human_like,standard,2025-12-04T11:30:34.013811Z,2025-12-04T11:30:45.571192Z,26.0,90.22807027848872,33.0,51,run_20251204T113045_iter33.json
34,human_like,standard,2025-12-04T11:30:47.349319Z,2025-12-04T11:31:02.882243Z,23.0,86.579909545621,30.0,67,run_20251204T113102_iter34.json
35,human_like,standard,2025-12-04T11:31:04.644163Z,2025-12-04T11:31:20.038077Z,0.0,82.63534067316887,100.0,67,run_20251204T113120_iter35.json
36,human_like,standard,2025-12-04T11:31:21.803097Z,2025-12-04T11:31:36.565947Z,66.0,81.2916911129693,84.0,67,run_20251204T113136_iter36.json
37,human_like,standard,2025-12-04T11:31:38.384521Z,2025-12-04T11:31:53.242540Z,60.0,83.73957332213584,76.0,54,run_20251204T113153_iter37.json
38,human_like,standard,2025-12-04T11:31:55.045895Z,2025-12-04T11:32:11.618499Z,0.0,84.8583288336453,100.0,64,run_20251204T113211_iter38.json
39,human_like,standard,2025-12-04T11:32:13.393727Z,2025-12-04T11:32:30.349640Z,0.0,83.94163214168145,100.0,65,run_20251204T113230_iter39.json
40,human_like,standard,2025-12-04T11:32:32.128547Z,2025-12-04T11:32:46.322084Z,67.0,90.04813987150938,80.0,50,run_20251204T113246_iter40.json
41,human_like,standard,2025-12-04T11:32:48.213711Z,2025-12-04T11:33:02.756485Z,27.0,85.2079087942496,37.0,65,run_20251204T113302_iter41.json
42,human_like,standard,2025-12-04T11:33:04.564402Z,2025-12-04T11:33:19.202979Z,0.0,93.63744444935385,100.0,48,run_20251204T113319_iter42.json
43,human_like,standard,2025-12-04T11:33:21.014107Z,2025-12-04T11:33:40.095538Z,21.0,83.61733924466937,28.0,85,run_20251204T113340_iter43.json
44,human_like,standard,2025-12-04T11:33:41.876817Z,2025-12-04T11:33:56.136281Z,12.0,79.6389998073956,17.0,53,run_20251204T113356_iter44.json
45,human_like,standard,2025-12-04T11:33:57.917955Z,2025-12-04T11:34:11.396568Z,35.0,83.47148374251519,44.0,61,run_20251204T113411_iter45.json
46,human_like,standard,2025-12-04T11:34:13.207201Z,2025-12-04T11:34:26.739641Z,0.0,95.1428464085484,100.0,48,run_20251204T113426_iter46.json
47,human_like,standard,2025-12-04T11:34:28.642463Z,2025-12-04T11:34:40.806154Z,0.0,89.92912310808819,100.0,51,run_20251204T113440_iter47.json
48,human_like,standard,2025-12-04T11:34:42.593973Z,2025-12-04T11:34:59.469513Z,0.0,84.91352049403953,100.0,54,run_20251204T113459_iter48.json
49,human_like,standard,2025-12-04T11:35:01.244558Z,2025-12-04T11:35:19.526082Z,13.0,83.92375550875043,20.0,82,run_20251204T113519_iter49.json
50,human_like,standard,2025-12-04T11:35:21.316508Z,2025-12-04T11:35:35.871188Z,65.0,83.75386289493937,79.0,66,run_20251204T113535_iter50.json
51,human_like,standard,2025-12-04T11:35:37.670320Z,2025-12-04T11:35:52.101146Z,10.0,83.57657112639853,16.0,50,run_20251204T113552_iter51.json
52,human_like,standard,2025-12-04T11:35:53.913181Z,2025-12-04T11:36:08.002663Z,72.0,82.74746386423297,94.0,52,run_20251204T113608_iter52.json
53,human_like,standard,2025-12-04T11:36:09.759465Z,2025-12-04T11:36:23.275988Z,19.0,79.70444135339368,30.0,50,run_20251204T113623_iter53.json
54,human_like,standard,2025-12-04T11:36:25.054621Z,2025-12-04T11:36:38.872400Z,0.0,93.49401370601845,100.0,51,run_20251204T113638_iter54.json
55,human_like,standard,2025-12-04T11:36:40.653668Z,2025-12-04T11:36:53.466595Z,0.0,81.54144906504501,100.0,48,run_20251204T113653_iter55.json
56,human_like,standard,2025-12-04T11:36:55.293405Z,2025-12-04T11:37:12.925295Z,11.0,83.74539438389493,17.0,69,run_20251204T113712_iter56.json
57,human_like,standard,2025-12-04T11:37:14.780493Z,2025-12-04T11:37:27.929107Z,21.0,85.88923160408629,28.0,50,run_20251204T113727_iter57.json
58,human_like,standard,2025-12-04T11:37:29.780005Z,2025-12-04T11:37:43.464406Z,0.0,87.22400291929858,100.0,51,run_20251204T113743_iter58.json
59,human_like,standard,2025-12-04T11:37:45.299053Z,2025-12-04T11:37:55.956532Z,0.0,83.30974213583072,100.0,26,run_20251204T113755_iter59.json
60,human_like,standard,2025-12-04T11:37:57.754193Z,2025-12-04T11:38:11.413951Z,39.0,86.45100940658556,50.0,54,run_20251204T113811_iter60.json
61,human_like,standard,2025-12-04T11:38:13.193656Z,2025-12-04T11:38:27.207117Z,0.0,82.11478720738722,100.0,57,run_20251204T113827_iter61.json
62,human_like,standard,2025-12-04T11:38:28.991136Z,2025-12-04T11:38:42.018254Z,0.0,85.39319550507763,100.0,44,run_20251204T113842_iter62.json
63,human_like,standard,2025-12-04T11:38:43.808279Z,2025-12-04T11:38:57.761130Z,0.0,83.68306924958581,100.0,51,run_20251204T113857_iter63.json
64,human_like,standard,2025-12-04T11:38:59.545472Z,2025-12-04T11:39:12.931632Z,24.0,84.32571916400481,32.0,44,run_20251204T113912_iter64.json
65,human_like,standard,2025-12-04T11:39:14.712499Z,2025-12-04T11:39:30.420051Z,38.0,79.69162489389967,51.0,73,run_20251204T113930_iter65.json
66,human_like,standard,2025-12-04T11:39:32.198978Z,2025-12-04T11:39:50.556865Z,0.0,91.09920848292751,100.0,81,run_20251204T113950_iter66.json
67,human_like,standard,2025-12-04T11:39:52.348959Z,2025-12-04T11:40:06.391763Z,71.0,82.38394605034864,90.0,60,run_20251204T114006_iter67.json
68,human_like,standard,2025-12-04T11:40:08.303151Z,2025-12-04T11:40:22.495026Z,81.0,88.39531194219673,95.0,65,run_20251204T114022_iter68.json
69,human_like,standard,2025-12-04T11:40:24.259480Z,2025-12-04T11:40:36.534382Z,18.0,80.22967922728262,27.0,48,run_20251204T114036_iter69.json
70,human_like,standard,2025-12-04T11:40:38.402534Z,2025-12-04T11:40:53.790747Z,0.0,81.39847721649815,100.0,54,run_20251204T114053_iter70.json
71,human_like,standard,2025-12-04T11:40:55.552291Z,2025-12-04T11:41:09.714951Z,0.0,86.57503725626857,100.0,66,run_20251204T114109_iter71.json
72,human_like,standard,2025-12-04T11:41:11.515673Z,2025-12-04T11:41:26.519707Z,60.0,83.38198954984367,78.0,59,run_20251204T114126_iter72.json
73,human_like,standard,2025-12-04T11:41:28.370444Z,2025-12-04T11:41:42.365449Z,43.0,86.20020863238634,55.0,55,run_20251204T114142_iter73.json
74,human_like,standard,2025-12-04T11:41:44.158502Z,2025-12-04T11:41:58.515104Z,0.0,82.05315162715625,100.0,60,run_20251204T114158_iter74.json
75,human_like,standard,2025-12-04T11:42:00.298148Z,2025-12-04T11:42:12.277111Z,19.0,82.17890076105166,25.0,51,run_20251204T114212_iter75.json
76,human_like,standard,2025-12-04T11:42:14.088493Z,2025-12-04T11:42:28.162057Z,15.0,86.63406258497764,19.0,57,run_20251204T114228_iter76.json
77,human_like,standard,2025-12-04T11:42:29.951895Z,2025-12-04T11:42:47.553608Z,19.0,80.01886490050002,27.0,75,run_20251204T114247_iter77.json
78,human_like,standard,2025-12-04T11:42:49.353101Z,2025-12-04T11:43:05.339491Z,66.0,86.20240950661471,81.0,69,run_20251204T114305_iter78.json
79,human_like,standard,2025-12-04T11:43:07.137361Z,2025-12-04T11:43:19.611149Z,33.0,93.04445590861253,42.0,50,run_20251204T114319_iter79.json
80,human_like,standard,2025-12-04T11:43:21.400368Z,2025-12-04T11:43:34.826780Z,48.0,79.74491195462028,62.0,47,run_20251204T114334_iter80.json
81,human_like,standard,2025-12-04T11:43:36.607865Z,2025-12-04T11:43:47.945928Z,0.0,81.20150170153671,100.0,45,run_20251204T114347_iter81.json
82,human_like,standard,2025-12-04T11:43:49.744853Z,2025-12-04T11:44:02.276857Z,0.0,87.58397264040298,100.0,54,run_20251204T114402_iter82.json
83,human_like,standard,2025-12-04T11:44:04.062484Z,2025-12-04T11:44:17.845419Z,0.0,91.75320047263595,100.0,54,run_20251204T114417_iter83.json
84,human_like,standard,2025-12-04T11:44:19.636206Z,2025-12-04T11:44:34.671615Z,15.0,87.29605434690883,20.0,59,run_20251204T114434_iter84.json
85,human_like,standard,2025-12-04T11:44:36.475507Z,2025-12-04T11:44:49.235174Z,45.0,87.20249420574888,57.0,49,run_20251204T114449_iter85.json
86,human_like,standard,2025-12-04T11:44:51.031356Z,2025-12-04T11:45:09.166666Z,25.0,83.36543679551303,34.0,68,run_20251204T114509_iter86.json
87,human_like,standard,2025-12-04T11:45:10.963988Z,2025-12-04T11:45:26.832817Z,5.0,81.99492226083777,8.0,59,run_20251204T114526_iter87.json
88,human_like,standard,2025-12-04T11:45:28.628043Z,2025-12-04T11:45:44.625634Z,0.0,84.59319451293361,100.0,65,run_20251204T114544_iter88.json
89,human_like,standard,2025-12-04T11:45:46.417296Z,2025-12-04T11:46:01.031314Z,19.0,84.24911787383012,27.0,52,run_20251204T114601_iter89.json
90,human_like,standard,2025-12-04T11:46:02.779390Z,2025-12-04T11:46:19.795634Z,38.0,83.45630996236916,49.0,67,run_20251204T114619_iter90.json
91,human_like,standard,2025-12-04T11:46:21.581124Z,2025-12-04T11:46:37.214562Z,0.0,81.51459273594918,100.0,68,run_20251204T114637_iter91.json
92,human_like,standard,2025-12-04T11:46:39.018424Z,2025-12-04T11:46:52.446819Z,60.0,90.3242679583891,73.0,63,run_20251204T114652_iter92.json
93,human_like,standard,2025-12-04T11:46:54.216988Z,2025-12-04T11:47:06.797054Z,0.0,75.71334569199135,100.0,38,run_20251204T114706_iter93.json
94,human_like,standard,2025-12-04T11:47:08.600796Z,2025-12-04T11:47:24.406614Z,41.0,87.0937475612213,52.0,64,run_20251204T114724_iter94.json
95,human_like,standard,2025-12-04T11:47:26.204447Z,2025-12-04T11:47:40.829713Z,0.0,83.56305961982841,100.0,51,run_20251204T114740_iter95.json
96,human_like,standard,2025-12-04T11:47:42.618796Z,2025-12-04T11:47:57.832059Z,0.0,89.45487050966864,100.0,63,run_20251204T114757_iter96.json
97,human_like,standard,2025-12-04T11:47:59.594718Z,2025-12-04T11:48:12.300129Z,46.0,89.28202172386173,54.0,59,run_20251204T114812_iter97.json
98,human_like,standard,2025-12-04T11:48:14.048612Z,2025-12-04T11:48:27.977796Z,34.0,84.33367962661696,46.0,57,run_20251204T114827_iter98.json
99,human_like,standard,2025-12-04T11:48:29.726588Z,2025-12-04T11:48:43.877086Z,22.0,87.4819796685963,28.0,67,run_20251204T114843_iter99.json
100,human_like,standard,2025-12-04T11:48:45.666698Z,2025-12-04T11:48:57.723689Z,82.0,91.41451665959613,91.0,54,run_20251204T114857_iter100.json
1,bot_obvious,standard,2025-12-04T14:40:12.701367Z,2025-12-04T14:40:21.130143Z,0.0,539.735299227116,100.0,45,run_20251204T144021_iter1.json
2,bot_obvious,standard,2025-12-04T14:40:22.942511Z,2025-12-04T14:40:30.985484Z,0.0,582.8740366601014,100.0,54,run_20251204T144030_iter2.json
3,bot_obvious,standard,2025-12-04T14:40:32.769629Z,2025-12-04T14:40:41.027078Z,0.0,524.2259947748116,100.0,62,run_20251204T144041_iter3.json
4,bot_obvious,standard,2025-12-04T14:40:42.721487Z,2025-12-04T14:40:50.944234Z,0.0,577.6722774440053,100.0,61,run_20251204T144050_iter4.json
5,bot_obvious,standard,2025-12-04T14:40:52.778645Z,2025-12-04T14:41:01.911929Z,0.0,536.8202220905042,100.0,61,run_20251204T144101_iter5.json
6,bot_obvious,standard,2025-12-04T14:41:04.170339Z,2025-12-04T14:41:12.063712Z,0.0,535.0892787375155,100.0,40,run_20251204T144112_iter6.json
7,bot_obvious,standard,2025-12-04T14:41:13.839223Z,2025-12-04T14:41:23.245926Z,0.0,485.8827848246793,100.0,44,run_20251204T144123_iter7.json
8,bot_obvious,standard,2025-12-04T14:41:25.352693Z,2025-12-04T14:41:34.601851Z,0.0,511.26525282509175,100.0,62,run_20251204T144134_iter8.json
9,bot_obvious,standard,2025-12-04T14:41:36.790010Z,2025-12-04T14:41:45.292185Z,0.0,532.4598551839175,100.0,49,run_20251204T144145_iter9.json
10,bot_obvious,standard,2025-12-04T14:41:47.062929Z,2025-12-04T14:41:56.511196Z,0.0,563.0717913452527,100.0,66,run_20251204T144156_iter10.json
11,bot_obvious,standard,2025-12-04T14:41:58.687731Z,2025-12-04T14:42:07.146603Z,0.0,541.513487633982,100.0,60,run_20251204T144207_iter11.json
12,bot_obvious,standard,2025-12-04T14:42:08.927692Z,2025-12-04T14:42:18.685355Z,0.0,560.2817468084138,100.0,67,run_20251204T144218_iter12.json
13,bot_obvious,standard,2025-12-04T14:42:20.933652Z,2025-12-04T14:42:29.445056Z,0.0,554.6949352301207,100.0,68,run_20251204T144229_iter13.json
14,bot_obvious,standard,2025-12-04T14:42:31.226698Z,2025-12-04T14:42:39.125553Z,0.0,510.0708571823216,100.0,54,run_20251204T144239_iter14.json
15,bot_obvious,standard,2025-12-04T14:42:40.861990Z,2025-12-04T14:42:48.955886Z,0.0,552.1512579430047,100.0,46,run_20251204T144248_iter15.json
16,bot_obvious,standard,2025-12-04T14:42:50.743829Z,2025-12-04T14:42:58.007776Z,0.0,606.6773059732795,100.0,50,run_20251204T144258_iter16.json
17,bot_obvious,standard,2025-12-04T14:42:59.710576Z,2025-12-04T14:43:07.619004Z,0.0,549.0777648332098,100.0,48,run_20251204T144307_iter17.json
18,bot_obvious,standard,2025-12-04T14:43:09.560837Z,2025-12-04T14:43:17.733636Z,0.0,550.1279914211165,100.0,54,run_20251204T144317_iter18.json
19,bot_obvious,standard,2025-12-04T14:43:19.528438Z,2025-12-04T14:43:25.396086Z,0.0,541.0306888780569,100.0,26,run_20251204T144325_iter19.json
20,bot_obvious,standard,2025-12-04T14:43:27.044218Z,2025-12-04T14:43:35.253006Z,0.0,538.0043641223119,100.0,51,run_20251204T144335_iter20.json
21,bot_obvious,standard,2025-12-04T14:43:37.079891Z,2025-12-04T14:43:46.103924Z,0.0,529.4126268246345,100.0,53,run_20251204T144346_iter21.json
22,bot_obvious,standard,2025-12-04T14:43:47.159514Z,2025-12-04T14:43:56.278988Z,0.0,554.0754619213758,100.0,43,run_20251204T144356_iter22.json
23,bot_obvious,standard,2025-12-04T14:43:58.541878Z,2025-12-04T14:44:06.357036Z,0.0,614.6225806057695,100.0,57,run_20251204T144406_iter23.json
24,bot_obvious,standard,2025-12-04T14:44:08.093148Z,2025-12-04T14:44:17.437138Z,0.0,539.407192217642,100.0,58,run_20251204T144417_iter24.json
25,bot_obvious,standard,2025-12-04T14:44:19.755205Z,2025-12-04T14:44:29.208090Z,0.0,641.2610327071565,100.0,51,run_20251204T144429_iter25.json
26,bot_obvious,standard,2025-12-04T14:44:31.511995Z,2025-12-04T14:44:39.733476Z,0.0,533.7731792710103,100.0,67,run_20251204T144439_iter26.json
27,bot_obvious,standard,2025-12-04T14:44:41.471249Z,2025-12-04T14:44:50.396936Z,0.0,562.7237936158152,100.0,50,run_20251204T144450_iter27.json
28,bot_obvious,standard,2025-12-04T14:44:52.741113Z,2025-12-04T14:45:00.786275Z,0.0,560.3875026970911,100.0,58,run_20251204T144500_iter28.json
29,bot_obvious,standard,2025-12-04T14:45:02.535704Z,2025-12-04T14:45:10.960807Z,0.0,552.0642394598063,100.0,68,run_20251204T144510_iter29.json
30,bot_obvious,standard,2025-12-04T14:45:12.781945Z,2025-12-04T14:45:22.016475Z,0.0,559.5528927979755,100.0,54,run_20251204T144522_iter30.json
31,bot_obvious,standard,2025-12-04T14:45:24.329583Z,2025-12-04T14:45:32.567974Z,0.0,559.6708208831865,100.0,67,run_20251204T144532_iter31.json
32,bot_obvious,standard,2025-12-04T14:45:34.371041Z,2025-12-04T14:45:42.652921Z,0.0,566.3947108499749,100.0,74,run_20251204T144542_iter32.json
33,bot_obvious,standard,2025-12-04T14:45:44.427417Z,2025-12-04T14:45:52.143436Z,0.0,565.9126433990076,100.0,40,run_20251204T144552_iter33.json
34,bot_obvious,standard,2025-12-04T14:45:53.935420Z,2025-12-04T14:46:02.847879Z,0.0,562.2738722493766,100.0,51,run_20251204T144602_iter34.json
35,bot_obvious,standard,2025-12-04T14:46:05.046987Z,2025-12-04T14:46:12.709957Z,0.0,703.3338534431907,100.0,47,run_20251204T144612_iter35.json
36,bot_obvious,standard,2025-12-04T14:46:14.553183Z,2025-12-04T14:46:23.052197Z,0.0,502.5538732493543,100.0,67,run_20251204T144623_iter36.json
37,bot_obvious,standard,2025-12-04T14:46:24.878473Z,2025-12-04T14:46:32.001363Z,0.0,540.118930045805,100.0,56,run_20251204T144632_iter37.json
38,bot_obvious,standard,2025-12-04T14:46:33.812218Z,2025-12-04T14:46:41.170013Z,0.0,520.6636284573628,100.0,42,run_20251204T144641_iter38.json
39,bot_obvious,standard,2025-12-04T14:46:42.943881Z,2025-12-04T14:46:49.546249Z,0.0,483.57473487848,100.0,50,run_20251204T144649_iter39.json
40,bot_obvious,standard,2025-12-04T14:46:51.377373Z,2025-12-04T14:46:59.327858Z,0.0,484.0068496572474,100.0,41,run_20251204T144659_iter40.json
41,bot_obvious,standard,2025-12-04T14:47:01.242428Z,2025-12-04T14:47:09.797903Z,0.0,552.3819659488231,100.0,70,run_20251204T144709_iter41.json
42,bot_obvious,standard,2025-12-04T14:47:11.557060Z,2025-12-04T14:47:18.772203Z,0.0,543.6083296841847,100.0,68,run_20251204T144718_iter42.json
43,bot_obvious,standard,2025-12-04T14:47:20.664828Z,2025-12-04T14:47:27.322198Z,0.0,518.4708649104681,100.0,40,run_20251204T144727_iter43.json
44,bot_obvious,standard,2025-12-04T14:47:29.055060Z,2025-12-04T14:47:37.149101Z,0.0,560.7021166285308,100.0,63,run_20251204T144737_iter44.json
45,bot_obvious,standard,2025-12-04T14:47:38.986938Z,2025-12-04T14:47:49.054055Z,0.0,586.6759877449579,100.0,64,run_20251204T144749_iter45.json
46,bot_obvious,standard,2025-12-04T14:47:51.389859Z,2025-12-04T14:47:58.903579Z,0.0,478.23077595829494,100.0,44,run_20251204T144758_iter46.json
47,bot_obvious,standard,2025-12-04T14:48:00.579338Z,2025-12-04T14:48:10.281923Z,0.0,465.1969347964036,100.0,64,run_20251204T144810_iter47.json
48,bot_obvious,standard,2025-12-04T14:48:12.620182Z,2025-12-04T14:48:23.217248Z,0.0,470.10024887755566,100.0,67,run_20251204T144823_iter48.json
49,bot_obvious,standard,2025-12-04T14:48:25.460181Z,2025-12-04T14:48:32.325782Z,0.0,521.4040742359232,100.0,60,run_20251204T144832_iter49.json
50,bot_obvious,standard,2025-12-04T14:48:34.153531Z,2025-12-04T14:48:42.442083Z,0.0,490.2526877900647,100.0,51,run_20251204T144842_iter50.json
51,bot_obvious,standard,2025-12-04T14:48:44.245070Z,2025-12-04T14:48:50.896227Z,0.0,507.7519471341907,100.0,40,run_20251204T144850_iter51.json
52,bot_obvious,standard,2025-12-04T14:48:52.711611Z,2025-12-04T14:49:00.727763Z,0.0,523.9299384040237,100.0,51,run_20251204T144900_iter52.json
53,bot_obvious,standard,2025-12-04T14:49:02.580853Z,2025-12-04T14:49:10.739521Z,0.0,502.46448295127203,100.0,55,run_20251204T144910_iter53.json
54,bot_obvious,standard,2025-12-04T14:49:12.540503Z,2025-12-04T14:49:21.487192Z,0.0,512.0085070857907,100.0,60,run_20251204T144921_iter54.json
55,bot_obvious,standard,2025-12-04T14:49:23.852975Z,2025-12-04T14:49:32.091986Z,0.0,498.89741301465386,100.0,60,run_20251204T144932_iter55.json
56,bot_obvious,standard,2025-12-04T14:49:33.882947Z,2025-12-04T14:49:42.938579Z,0.0,520.926059875297,100.0,64,run_20251204T144942_iter56.json
57,bot_obvious,standard,2025-12-04T14:49:45.155637Z,2025-12-04T14:49:53.687783Z,0.0,582.9190913902851,100.0,64,run_20251204T144953_iter57.json
58,bot_obvious,standard,2025-12-04T14:49:55.497254Z,2025-12-04T14:50:02.302768Z,0.0,615.1364173243813,100.0,42,run_20251204T145002_iter58.json
59,bot_obvious,standard,2025-12-04T14:50:03.984904Z,2025-12-04T14:50:12.763016Z,0.0,512.9318399263367,100.0,51,run_20251204T145012_iter59.json
60,bot_obvious,standard,2025-12-04T14:50:14.560390Z,2025-12-04T14:50:22.617676Z,0.0,462.4797103438654,100.0,49,run_20251204T145022_iter60.json
61,bot_obvious,standard,2025-12-04T14:50:24.460820Z,2025-12-04T14:50:32.751336Z,0.0,508.28547884115113,100.0,65,run_20251204T145032_iter61.json
62,bot_obvious,standard,2025-12-04T14:50:34.492793Z,2025-12-04T14:50:42.935077Z,0.0,504.599320370542,100.0,61,run_20251204T145042_iter62.json
63,bot_obvious,standard,2025-12-04T14:50:44.817244Z,2025-12-04T14:50:53.202888Z,0.0,480.68127869958306,100.0,60,run_20251204T145053_iter63.json
64,bot_obvious,standard,2025-12-04T14:50:54.914159Z,2025-12-04T14:51:02.831985Z,0.0,590.6025715074913,100.0,63,run_20251204T145102_iter64.json
65,bot_obvious,standard,2025-12-04T14:51:04.478124Z,2025-12-04T14:51:13.628741Z,0.0,531.7174921648276,100.0,51,run_20251204T145113_iter65.json
66,bot_obvious,standard,2025-12-04T14:51:15.678719Z,2025-12-04T14:51:22.258137Z,0.0,687.4968993306925,100.0,46,run_20251204T145122_iter66.json
67,bot_obvious,standard,2025-12-04T14:51:23.825325Z,2025-12-04T14:51:30.203165Z,0.0,706.688366699575,100.0,51,run_20251204T145130_iter67.json
68,bot_obvious,standard,2025-12-04T14:51:31.943665Z,2025-12-04T14:51:38.701707Z,0.0,494.2236795257622,100.0,54,run_20251204T145138_iter68.json
69,bot_obvious,standard,2025-12-04T14:51:40.418355Z,2025-12-04T14:51:49.758062Z,0.0,500.4561385792049,100.0,64,run_20251204T145149_iter69.json
70,bot_obvious,standard,2025-12-04T14:51:52.018158Z,2025-12-04T14:52:00.489772Z,0.0,609.5447558627342,100.0,67,run_20251204T145200_iter70.json
71,bot_obvious,standard,2025-12-04T14:52:02.187711Z,2025-12-04T14:52:08.937573Z,0.0,524.5861154892423,100.0,54,run_20251204T145208_iter71.json
72,bot_obvious,standard,2025-12-04T14:52:10.759923Z,2025-12-04T14:52:19.079670Z,0.0,513.6969671800699,100.0,58,run_20251204T145219_iter72.json
73,bot_obvious,standard,2025-12-04T14:52:20.915518Z,2025-12-04T14:52:28.257649Z,0.0,526.5454212940317,100.0,54,run_20251204T145228_iter73.json
74,bot_obvious,standard,2025-12-04T14:52:30.017298Z,2025-12-04T14:52:38.056848Z,0.0,470.0997648219586,100.0,44,run_20251204T145238_iter74.json
75,bot_obvious,standard,2025-12-04T14:52:39.856948Z,2025-12-04T14:52:49.680602Z,0.0,499.46703208736574,100.0,45,run_20251204T145249_iter75.json
76,bot_obvious,standard,2025-12-04T14:52:51.937912Z,2025-12-04T14:53:00.274247Z,0.0,613.5944766042539,100.0,68,run_20251204T145300_iter76.json
77,bot_obvious,standard,2025-12-04T14:53:02.093471Z,2025-12-04T14:53:10.257225Z,0.0,514.9928126567895,100.0,57,run_20251204T145310_iter77.json
78,bot_obvious,standard,2025-12-04T14:53:12.012472Z,2025-12-04T14:53:20.137683Z,0.0,490.2478407004353,100.0,43,run_20251204T145320_iter78.json
79,bot_obvious,standard,2025-12-04T14:53:22.032085Z,2025-12-04T14:53:33.058450Z,0.0,464.2383566300086,100.0,54,run_20251204T145333_iter79.json
80,bot_obvious,standard,2025-12-04T14:53:35.292402Z,2025-12-04T14:53:44.112252Z,0.0,483.82699494249783,100.0,57,run_20251204T145344_iter80.json
81,bot_obvious,standard,2025-12-04T14:53:46.549196Z,2025-12-04T14:53:54.950873Z,0.0,521.241802703099,100.0,57,run_20251204T145354_iter81.json
82,bot_obvious,standard,2025-12-04T14:53:56.786711Z,2025-12-04T14:54:05.759026Z,0.0,522.0299681991482,100.0,69,run_20251204T145405_iter82.json
83,bot_obvious,standard,2025-12-04T14:54:07.968836Z,2025-12-04T14:54:18.532975Z,0.0,483.00379499208293,100.0,61,run_20251204T145418_iter83.json
84,bot_obvious,standard,2025-12-04T14:54:20.890975Z,2025-12-04T14:54:28.850151Z,0.0,455.70064509453306,100.0,42,run_20251204T145428_iter84.json
85,bot_obvious,standard,2025-12-04T14:54:30.562282Z,2025-12-04T14:54:39.671704Z,0.0,526.2265586809913,100.0,49,run_20251204T145439_iter85.json
86,bot_obvious,standard,2025-12-04T14:54:41.886799Z,2025-12-04T14:54:50.151530Z,0.0,470.75076104769613,100.0,46,run_20251204T145450_iter86.json
87,bot_obvious,standard,2025-12-04T14:54:51.930499Z,2025-12-04T14:55:00.787845Z,0.0,512.299445863437,100.0,50,run_20251204T145500_iter87.json
88,bot_obvious,standard,2025-12-04T14:55:03.204866Z,2025-12-04T14:55:09.870100Z,0.0,551.4787653382164,100.0,57,run_20251204T145509_iter88.json
89,bot_obvious,standard,2025-12-04T14:55:11.636800Z,2025-12-04T14:55:21.489423Z,0.0,499.97318107610846,100.0,46,run_20251204T145521_iter89.json
90,bot_obvious,standard,2025-12-04T14:55:23.844070Z,2025-12-04T14:55:32.363368Z,0.0,505.40122116026913,100.0,65,run_20251204T145532_iter90.json
91,bot_obvious,standard,2025-12-04T14:55:34.239608Z,2025-12-04T14:55:41.010083Z,0.0,503.84494833855575,100.0,62,run_20251204T145541_iter91.json
92,bot_obvious,standard,2025-12-04T14:55:42.840064Z,2025-12-04T14:55:51.106309Z,0.0,480.1159493472552,100.0,47,run_20251204T145551_iter92.json
93,bot_obvious,standard,2025-12-04T14:55:52.912977Z,2025-12-04T14:56:01.099757Z,0.0,497.8686789874954,100.0,49,run_20251204T145601_iter93.json
94,bot_obvious,standard,2025-12-04T14:56:02.827049Z,2025-12-04T14:56:11.237431Z,0.0,506.0373630002159,100.0,57,run_20251204T145611_iter94.json
95,bot_obvious,standard,2025-12-04T14:56:13.039068Z,2025-12-04T14:56:21.028256Z,0.0,498.53205723960644,100.0,47,run_20251204T145621_iter95.json
96,bot_obvious,standard,2025-12-04T14:56:22.847994Z,2025-12-04T14:56:32.250389Z,0.0,499.526737154124,100.0,51,run_20251204T145632_iter96.json
97,bot_obvious,standard,2025-12-04T14:56:34.370693Z,2025-12-04T14:56:41.540566Z,0.0,470.80755464301063,100.0,42,run_20251204T145641_iter97.json
98,bot_obvious,standard,2025-12-04T14:56:43.342057Z,2025-12-04T14:56:52.396995Z,0.0,509.1924611601288,100.0,51,run_20251204T145652_iter98.json
99,bot_obvious,standard,2025-12-04T14:56:54.651851Z,2025-12-04T14:57:02.774706Z,0.0,487.9032547719362,100.0,54,run_20251204T145702_iter99.json
100,bot_obvious,standard,2025-12-04T14:57:04.607211Z,2025-12-04T14:57:12.943607Z,0.0,465.224647166687,100.0,55,run_20251204T145712_iter100.json
1,superhuman,standard,2025-12-04T14:58:50.554653Z,2025-12-04T14:58:58.423837Z,0.0,647.7389819305167,100.0,47,run_20251204T145858_iter1.json
2,superhuman,standard,2025-12-04T14:59:00.121067Z,2025-12-04T14:59:08.008790Z,0.0,751.5272141595786,100.0,45,run_20251204T145908_iter2.json
3,superhuman,standard,2025-12-04T14:59:09.693241Z,2025-12-04T14:59:16.195131Z,0.0,731.0392984022271,100.0,52,run_20251204T145916_iter3.json
4,superhuman,standard,2025-12-04T14:59:17.885613Z,2025-12-04T14:59:26.854308Z,0.0,786.3266061262785,100.0,64,run_20251204T145926_iter4.json
5,superhuman,standard,2025-12-04T14:59:29.071592Z,2025-12-04T14:59:36.426121Z,0.0,797.9672893685276,100.0,46,run_20251204T145936_iter5.json
6,superhuman,standard,2025-12-04T14:59:38.288830Z,2025-12-04T14:59:47.015426Z,0.0,783.2732640690074,100.0,63,run_20251204T145947_iter6.json
7,superhuman,standard,2025-12-04T14:59:48.816649Z,2025-12-04T14:59:56.825814Z,0.0,733.2345258054472,100.0,70,run_20251204T145956_iter7.json
8,superhuman,standard,2025-12-04T14:59:58.588464Z,2025-12-04T15:00:06.334154Z,0.0,752.3588102145956,100.0,54,run_20251204T150006_iter8.json
9,superhuman,standard,2025-12-04T15:00:08.188644Z,2025-12-04T15:00:15.040806Z,0.0,862.1703147052976,100.0,66,run_20251204T150015_iter9.json
10,superhuman,standard,2025-12-04T15:00:16.792133Z,2025-12-04T15:00:23.789707Z,0.0,862.4868881970324,100.0,57,run_20251204T150023_iter10.json
11,superhuman,standard,2025-12-04T15:00:25.553663Z,2025-12-04T15:00:31.974623Z,0.0,714.1369814087399,100.0,58,run_20251204T150031_iter11.json
12,superhuman,standard,2025-12-04T15:00:33.831597Z,2025-12-04T15:00:41.433030Z,0.0,726.6396849617197,100.0,52,run_20251204T150041_iter12.json
13,superhuman,standard,2025-12-04T15:00:43.273648Z,2025-12-04T15:00:50.394583Z,0.0,818.6326637119789,100.0,69,run_20251204T150050_iter13.json
14,superhuman,standard,2025-12-04T15:00:52.208436Z,2025-12-04T15:01:00.358644Z,0.0,719.3638133593352,100.0,54,run_20251204T150100_iter14.json
15,superhuman,standard,2025-12-04T15:01:01.980906Z,2025-12-04T15:01:10.930272Z,0.0,765.2598894400634,100.0,50,run_20251204T150110_iter15.json
16,superhuman,standard,2025-12-04T15:01:13.218023Z,2025-12-04T15:01:20.151624Z,0.0,819.7690224238446,100.0,68,run_20251204T150120_iter16.json
17,superhuman,standard,2025-12-04T15:01:21.888253Z,2025-12-04T15:01:29.518454Z,0.0,829.8889297344987,100.0,61,run_20251204T150129_iter17.json
18,superhuman,standard,2025-12-04T15:01:31.241586Z,2025-12-04T15:01:41.746678Z,0.0,696.3872719306562,100.0,54,run_20251204T150141_iter18.json
19,superhuman,standard,2025-12-04T15:01:43.952323Z,2025-12-04T15:01:52.278588Z,0.0,775.133699639905,100.0,50,run_20251204T150152_iter19.json
20,superhuman,standard,2025-12-04T15:01:53.999150Z,2025-12-04T15:02:01.315376Z,0.0,567.8180764220551,100.0,47,run_20251204T150201_iter20.json
21,superhuman,standard,2025-12-04T15:02:02.938892Z,2025-12-04T15:02:11.938752Z,0.0,709.6734264932311,100.0,45,run_20251204T150211_iter21.json
22,superhuman,standard,2025-12-04T15:02:13.028760Z,2025-12-04T15:02:22.575341Z,0.0,385.51823592536465,100.0,49,run_20251204T150222_iter22.json
23,superhuman,standard,2025-12-04T15:02:24.396734Z,2025-12-04T15:02:31.972185Z,0.0,686.31221112494,100.0,51,run_20251204T150231_iter23.json
24,superhuman,standard,2025-12-04T15:02:33.725999Z,2025-12-04T15:02:42.692311Z,0.0,675.5380337292671,100.0,60,run_20251204T150242_iter24.json
25,superhuman,standard,2025-12-04T15:02:45.190465Z,2025-12-04T15:02:53.221135Z,0.0,696.4293838469096,100.0,51,run_20251204T150253_iter25.json
26,superhuman,standard,2025-12-04T15:02:54.878444Z,2025-12-04T15:03:05.305058Z,0.0,802.22359711273,100.0,69,run_20251204T150305_iter26.json
27,superhuman,standard,2025-12-04T15:03:07.600921Z,2025-12-04T15:03:20.075190Z,0.0,870.2881567344149,100.0,51,run_20251204T150320_iter27.json
28,superhuman,standard,2025-12-04T15:03:22.282744Z,2025-12-04T15:03:30.710578Z,0.0,693.6326251612405,100.0,65,run_20251204T150330_iter28.json
29,superhuman,standard,2025-12-04T15:03:32.458839Z,2025-12-04T15:03:41.641234Z,0.0,716.5295173091756,100.0,57,run_20251204T150341_iter29.json
30,superhuman,standard,2025-12-04T15:03:43.735225Z,2025-12-04T15:03:53.052511Z,0.0,681.254561002059,100.0,51,run_20251204T150353_iter30.json
31,superhuman,standard,2025-12-04T15:03:55.230957Z,2025-12-04T15:04:03.470895Z,0.0,660.0294363282527,100.0,67,run_20251204T150403_iter31.json
32,superhuman,standard,2025-12-04T15:04:05.203094Z,2025-12-04T15:04:13.539929Z,0.0,630.241081546605,100.0,54,run_20251204T150413_iter32.json
33,superhuman,standard,2025-12-04T15:04:15.295271Z,2025-12-04T15:04:24.442709Z,0.0,658.1802337411398,100.0,50,run_20251204T150424_iter33.json
34,superhuman,standard,2025-12-04T15:04:26.665429Z,2025-12-04T15:04:35.731323Z,0.0,696.5391203938625,100.0,57,run_20251204T150435_iter34.json
35,superhuman,standard,2025-12-04T15:04:37.868872Z,2025-12-04T15:04:47.011168Z,0.0,679.1142137025579,100.0,64,run_20251204T150447_iter35.json
36,superhuman,standard,2025-12-04T15:04:49.187229Z,2025-12-04T15:04:55.882691Z,0.0,650.008553095239,100.0,49,run_20251204T150455_iter36.json
37,superhuman,standard,2025-12-04T15:04:57.602564Z,2025-12-04T15:05:05.607568Z,0.0,641.6956518351623,100.0,54,run_20251204T150505_iter37.json
38,superhuman,standard,2025-12-04T15:05:07.345242Z,2025-12-04T15:05:16.652887Z,0.0,704.9592837365901,100.0,47,run_20251204T150516_iter38.json
39,superhuman,standard,2025-12-04T15:05:18.874736Z,2025-12-04T15:05:29.569028Z,0.0,617.7420811813914,100.0,65,run_20251204T150529_iter39.json
40,superhuman,standard,2025-12-04T15:05:31.764804Z,2025-12-04T15:05:40.052471Z,0.0,665.5987183804439,100.0,56,run_20251204T150540_iter40.json
41,superhuman,standard,2025-12-04T15:05:41.818571Z,2025-12-04T15:05:50.697375Z,0.0,680.9941223490547,100.0,51,run_20251204T150550_iter41.json
42,superhuman,standard,2025-12-04T15:05:52.885616Z,2025-12-04T15:06:02.465887Z,0.0,684.261836409697,100.0,73,run_20251204T150602_iter42.json
43,superhuman,standard,2025-12-04T15:06:04.607831Z,2025-12-04T15:06:14.231241Z,0.0,664.9181991122383,100.0,71,run_20251204T150614_iter43.json
44,superhuman,standard,2025-12-04T15:06:16.423496Z,2025-12-04T15:06:24.343061Z,0.0,633.312119385429,100.0,54,run_20251204T150624_iter44.json
45,superhuman,standard,2025-12-04T15:06:26.056704Z,2025-12-04T15:06:36.793513Z,0.0,619.6948841506993,100.0,63,run_20251204T150636_iter45.json
46,superhuman,standard,2025-12-04T15:06:38.982207Z,2025-12-04T15:06:47.825055Z,0.0,667.9931683896193,100.0,51,run_20251204T150647_iter46.json
47,superhuman,standard,2025-12-04T15:06:50.071227Z,2025-12-04T15:06:59.167423Z,0.0,628.8986990292701,100.0,54,run_20251204T150659_iter47.json
48,superhuman,standard,2025-12-04T15:07:01.342047Z,2025-12-04T15:07:09.568649Z,0.0,661.5737394626614,100.0,51,run_20251204T150709_iter48.json
49,superhuman,standard,2025-12-04T15:07:11.280912Z,2025-12-04T15:07:20.476486Z,0.0,688.7724596377228,100.0,50,run_20251204T150720_iter49.json
50,superhuman,standard,2025-12-04T15:07:22.695702Z,2025-12-04T15:07:31.779615Z,0.0,692.2696626610685,100.0,57,run_20251204T150731_iter50.json
51,superhuman,standard,2025-12-04T15:07:33.977198Z,2025-12-04T15:07:41.664124Z,0.0,852.7444802712308,100.0,54,run_20251204T150741_iter51.json
52,superhuman,standard,2025-12-04T15:07:43.310921Z,2025-12-04T15:07:52.214535Z,0.0,850.1137876933932,100.0,81,run_20251204T150752_iter52.json
53,superhuman,standard,2025-12-04T15:07:54.454560Z,2025-12-04T15:08:03.231241Z,0.0,856.7818197293387,100.0,65,run_20251204T150803_iter53.json
54,superhuman,standard,2025-12-04T15:08:04.915616Z,2025-12-04T15:08:13.783902Z,0.0,839.6785466443066,100.0,67,run_20251204T150813_iter54.json
55,superhuman,standard,2025-12-04T15:08:16.008049Z,2025-12-04T15:08:25.035539Z,0.0,801.9356320545667,100.0,64,run_20251204T150825_iter55.json
56,superhuman,standard,2025-12-04T15:08:27.209501Z,2025-12-04T15:08:36.552498Z,0.0,788.8346768162402,100.0,46,run_20251204T150836_iter56.json
57,superhuman,standard,2025-12-04T15:08:38.648900Z,2025-12-04T15:08:47.591306Z,0.0,721.9284454112978,100.0,57,run_20251204T150847_iter57.json
58,superhuman,standard,2025-12-04T15:08:49.767796Z,2025-12-04T15:09:00.612941Z,0.0,600.0537488606619,100.0,53,run_20251204T150900_iter58.json
59,superhuman,standard,2025-12-04T15:09:02.788134Z,2025-12-04T15:09:12.042412Z,0.0,708.3627905138293,100.0,47,run_20251204T150912_iter59.json
60,superhuman,standard,2025-12-04T15:09:14.156058Z,2025-12-04T15:09:24.436073Z,0.0,653.7758962658413,100.0,46,run_20251204T150924_iter60.json
61,superhuman,standard,2025-12-04T15:09:26.649861Z,2025-12-04T15:09:35.855753Z,0.0,680.9134033137332,100.0,50,run_20251204T150935_iter61.json
62,superhuman,standard,2025-12-04T15:09:38.088983Z,2025-12-04T15:09:47.262193Z,0.0,729.2572881023818,100.0,63,run_20251204T150947_iter62.json
63,superhuman,standard,2025-12-04T15:09:49.488974Z,2025-12-04T15:09:58.622667Z,0.0,699.5066236096817,100.0,73,run_20251204T150958_iter63.json
64,superhuman,standard,2025-12-04T15:10:00.779537Z,2025-12-04T15:10:08.651285Z,0.0,701.470035541526,100.0,61,run_20251204T151008_iter64.json
65,superhuman,standard,2025-12-04T15:10:10.460247Z,2025-12-04T15:10:19.624981Z,0.0,700.9288242002361,100.0,54,run_20251204T151019_iter65.json
66,superhuman,standard,2025-12-04T15:10:21.757741Z,2025-12-04T15:10:30.805552Z,0.0,699.8717580429327,100.0,68,run_20251204T151030_iter66.json
67,superhuman,standard,2025-12-04T15:10:32.954782Z,2025-12-04T15:10:43.250568Z,0.0,683.6269043268784,100.0,50,run_20251204T151043_iter67.json
68,superhuman,standard,2025-12-04T15:10:45.489313Z,2025-12-04T15:10:55.911078Z,0.0,709.8899330304768,100.0,55,run_20251204T151055_iter68.json
69,superhuman,standard,2025-12-04T15:10:58.023433Z,2025-12-04T15:11:06.490918Z,0.0,698.0652139082266,100.0,67,run_20251204T151106_iter69.json
70,superhuman,standard,2025-12-04T15:11:08.183329Z,2025-12-04T15:11:16.434048Z,0.0,681.3921302339901,100.0,54,run_20251204T151116_iter70.json
71,superhuman,standard,2025-12-04T15:11:18.146499Z,2025-12-04T15:11:28.587876Z,0.0,625.6886700977102,100.0,57,run_20251204T151128_iter71.json
72,superhuman,standard,2025-12-04T15:11:30.741190Z,2025-12-04T15:11:47.601166Z,0.0,282.5117783682891,100.0,43,run_20251204T151147_iter72.json
73,superhuman,standard,2025-12-04T15:11:49.701014Z,2025-12-04T15:12:01.304670Z,0.0,692.8981976520865,100.0,61,run_20251204T151201_iter73.json
74,superhuman,standard,2025-12-04T15:12:03.392746Z,2025-12-04T15:12:12.524563Z,0.0,692.0541603369164,100.0,62,run_20251204T151212_iter74.json
75,superhuman,standard,2025-12-04T15:12:14.712002Z,2025-12-04T15:12:23.912427Z,0.0,699.0077877167257,100.0,48,run_20251204T151223_iter75.json
76,superhuman,standard,2025-12-04T15:12:26.013090Z,2025-12-04T15:12:33.545558Z,0.0,697.8034506842862,100.0,45,run_20251204T151233_iter76.json
77,superhuman,standard,2025-12-04T15:12:35.335295Z,2025-12-04T15:12:44.419246Z,0.0,721.9107815515385,100.0,51,run_20251204T151244_iter77.json
79,superhuman,standard,2025-12-04T15:12:49.041514Z,2025-12-04T15:12:59.444759Z,0.0,651.2232304095081,100.0,49,run_20251204T151259_iter79.json
80,superhuman,standard,2025-12-04T15:13:01.627798Z,2025-12-04T15:13:09.662985Z,0.0,677.9581715759003,100.0,61,run_20251204T151309_iter80.json
81,superhuman,standard,2025-12-04T15:13:11.386904Z,2025-12-04T15:13:20.785583Z,0.0,651.2410582047409,100.0,58,run_20251204T151320_iter81.json
82,superhuman,standard,2025-12-04T15:13:22.962657Z,2025-12-04T15:13:31.728330Z,0.0,723.3852112116007,100.0,45,run_20251204T151331_iter82.json
83,superhuman,standard,2025-12-04T15:13:33.411188Z,2025-12-04T15:13:43.088085Z,0.0,621.5892874986013,100.0,66,run_20251204T151343_iter83.json
84,superhuman,standard,2025-12-04T15:13:45.087734Z,2025-12-04T15:13:54.302503Z,0.0,676.5431739298748,100.0,65,run_20251204T151354_iter84.json
86,superhuman,standard,2025-12-04T15:13:58.861453Z,2025-12-04T15:14:08.075595Z,0.0,749.2581683516952,100.0,65,run_20251204T151408_iter86.json
87,superhuman,standard,2025-12-04T15:14:10.012312Z,2025-12-04T15:14:19.515628Z,0.0,832.9121619054041,100.0,54,run_20251204T151419_iter87.json
88,superhuman,standard,2025-12-04T15:14:21.716230Z,2025-12-04T15:14:28.556434Z,0.0,747.6320790755573,100.0,46,run_20251204T151428_iter88.json
90,superhuman,standard,2025-12-04T15:14:34.775676Z,2025-12-04T15:14:44.251214Z,0.0,625.4474941794624,100.0,53,run_20251204T151444_iter90.json
91,superhuman,standard,2025-12-04T15:14:46.402069Z,2025-12-04T15:14:55.756688Z,0.0,732.5759935341653,100.0,51,run_20251204T151455_iter91.json
92,superhuman,standard,2025-12-04T15:14:57.971251Z,2025-12-04T15:15:05.606770Z,0.0,685.7522644340725,100.0,51,run_20251204T151505_iter92.json
93,superhuman,standard,2025-12-04T15:15:07.349552Z,2025-12-04T15:15:15.217272Z,0.0,700.628632400953,100.0,69,run_20251204T151515_iter93.json
94,superhuman,standard,2025-12-04T15:15:16.955019Z,2025-12-04T15:15:26.105828Z,0.0,750.2034835525659,100.0,65,run_20251204T151526_iter94.json
95,superhuman,standard,2025-12-04T15:15:28.272733Z,2025-12-04T15:15:37.344502Z,0.0,719.9790911440068,100.0,62,run_20251204T151537_iter95.json
96,superhuman,standard,2025-12-04T15:15:39.536673Z,2025-12-04T15:15:47.501643Z,0.0,729.9459405428526,100.0,65,run_20251204T151547_iter96.json
97,superhuman,standard,2025-12-04T15:15:49.289918Z,2025-12-04T15:15:57.054769Z,0.0,721.1493725768668,100.0,66,run_20251204T151557_iter97.json
98,superhuman,standard,2025-12-04T15:15:58.840234Z,2025-12-04T15:16:06.569059Z,0.0,778.0260438716647,100.0,49,run_20251204T151606_iter98.json
99,superhuman,standard,2025-12-04T15:16:08.163618Z,2025-12-04T15:16:15.195995Z,0.0,703.0926837017823,100.0,51,run_20251204T151615_iter99.json
100,superhuman,standard,2025-12-04T15:16:16.946228Z,2025-12-04T15:16:24.666977Z,0.0,658.8325616123462,100.0,49,run_20251204T151624_iter100.json
